permission,scope,SYSADMIN,MASTER_DATA,BUYER,SELLER,RECEIVER,PICKER,WAREHOUSE_MANAGER,CONTROLLER,DIRECTOR,AUDITOR,conditions
iam.manage,GLOBAL,ALLOW,DENY,DENY,DENY,DENY,DENY,DENY,DENY,DENY,DENY,MFA; không đọc mật khẩu/token; audit; không mặc nhiên có quyền kho
role.manage,GLOBAL,ALLOW,DENY,DENY,DENY,DENY,DENY,DENY,DENY,DENY,DENY,MFA; không tự yêu cầu/cấp quyền; quản trị viên thứ hai không phải người nhận quyền phê duyệt; audit
config.manage,GLOBAL,ALLOW,DENY,DENY,DENY,DENY,DENY,DENY,DENY,DENY,DENY,MFA; không sửa trực tiếp số dư; thay đổi có version
master.read,GLOBAL,DENY,ALLOW,ALLOW,ALLOW,ALLOW,ALLOW,ALLOW,ALLOW,ALLOW,ALLOW,Ẩn giá nếu thiếu price.read; không trả credential hay thông tin đối tác nhạy cảm
master.write,GLOBAL,DENY,ALLOW,DENY,DENY,DENY,DENY,DENY,DENY,DENY,DENY,Không xóa bản ghi đã dùng; tracking/base UOM khóa sau phát sinh
lot.correct,WAREHOUSE,DENY,DENY,DENY,DENY,DENY,DENY,ALLOW,DENY,DENY,DENY,"Kho có lô; kiểm tra tất cả kho bị ảnh hưởng, lý do bắt buộc, không sửa số lượng"
partner.read,GLOBAL,DENY,ALLOW,ALLOW,ALLOW,DENY,DENY,ALLOW,ALLOW,DENY,ALLOW,Dữ liệu tối thiểu theo nhu cầu
partner.write,GLOBAL,DENY,ALLOW,DENY,DENY,DENY,DENY,DENY,DENY,DENY,DENY,Ngừng hoạt động thay xóa
warehouse.configure,GLOBAL,DENY,ALLOW,DENY,DENY,DENY,DENY,DENY,DENY,DENY,DENY,Không đổi loại/vị trí đã giữ hàng; audit; không đồng nghĩa quyền stock.read
price.read,WAREHOUSE,DENY,DENY,DENY,DENY,DENY,DENY,DENY,ALLOW,ALLOW,ALLOW,Đồng thời phải có quyền đọc đối tượng/báo cáo tương ứng trong kho
price.write,GLOBAL,DENY,DENY,DENY,DENY,DENY,DENY,DENY,ALLOW,DENY,DENY,Append bản giá có ngày hiệu lực; không sửa giá vốn kế toán
stock.read,WAREHOUSE,DENY,DENY,ALLOW,ALLOW,ALLOW,ALLOW,ALLOW,ALLOW,ALLOW,ALLOW,"Chỉ kho được cấp, transit chỉ theo chứng từ liên quan có quyền"
document.read,WAREHOUSE,DENY,DENY,ALLOW,ALLOW,ALLOW,ALLOW,ALLOW,ALLOW,ALLOW,ALLOW,Nhân viên nhận/soạn: phiếu được giao hoặc do mình lập; trường kho khác được che
po.draft,WAREHOUSE,DENY,DENY,ALLOW,DENY,DENY,DENY,DENY,DENY,DENY,DENY,Chỉ DRAFT/REJECTED và phiếu của mình/được giao; chuyển cần quyền cả kho nguồn và đích; sửa sau duyệt phải vô hiệu duyệt
so.draft,WAREHOUSE,DENY,DENY,DENY,ALLOW,DENY,DENY,DENY,DENY,DENY,DENY,Chỉ DRAFT/REJECTED và phiếu của mình/được giao; chuyển cần quyền cả kho nguồn và đích; sửa sau duyệt phải vô hiệu duyệt
receipt.draft,WAREHOUSE,DENY,DENY,DENY,DENY,ALLOW,DENY,DENY,DENY,DENY,DENY,Chỉ DRAFT/REJECTED và phiếu của mình/được giao; chuyển cần quyền cả kho nguồn và đích; sửa sau duyệt phải vô hiệu duyệt
issue.draft,WAREHOUSE,DENY,DENY,DENY,DENY,DENY,ALLOW,DENY,DENY,DENY,DENY,Chỉ DRAFT/REJECTED và phiếu của mình/được giao; chuyển cần quyền cả kho nguồn và đích; sửa sau duyệt phải vô hiệu duyệt
transfer.draft,WAREHOUSE,DENY,DENY,DENY,DENY,DENY,DENY,ALLOW,DENY,DENY,DENY,Chỉ DRAFT/REJECTED và phiếu của mình/được giao; chuyển cần quyền cả kho nguồn và đích; sửa sau duyệt phải vô hiệu duyệt
return.draft,WAREHOUSE,DENY,DENY,ALLOW,ALLOW,ALLOW,DENY,DENY,DENY,DENY,DENY,Chỉ DRAFT/REJECTED và phiếu của mình/được giao; chuyển cần quyền cả kho nguồn và đích; sửa sau duyệt phải vô hiệu duyệt
move.draft,WAREHOUSE,DENY,DENY,DENY,DENY,ALLOW,ALLOW,DENY,DENY,DENY,DENY,Chỉ DRAFT/REJECTED và phiếu của mình/được giao; chuyển cần quyền cả kho nguồn và đích; sửa sau duyệt phải vô hiệu duyệt
adjustment.draft,WAREHOUSE,DENY,DENY,DENY,DENY,DENY,DENY,ALLOW,DENY,DENY,DENY,Chỉ DRAFT/REJECTED và phiếu của mình/được giao; chuyển cần quyền cả kho nguồn và đích; sửa sau duyệt phải vô hiệu duyệt
opening.draft,WAREHOUSE,DENY,DENY,DENY,DENY,DENY,DENY,DENY,ALLOW,DENY,DENY,Chỉ DRAFT/REJECTED và phiếu của mình/được giao; chuyển cần quyền cả kho nguồn và đích; sửa sau duyệt phải vô hiệu duyệt
document.assign,WAREHOUSE,DENY,DENY,DENY,DENY,DENY,DENY,ALLOW,DENY,DENY,DENY,Người được giao phải có quyền tại kho; chuyển giao không mở rộng scope
document.approve,WAREHOUSE,DENY,DENY,DENY,DENY,DENY,DENY,ALLOW,ALLOW,DENY,DENY,"Thủ kho/Kế toán kho được duyệt thay phiếu thông thường, không hạn mức; đúng kho/policy/version; không là creator/requester; SOD luôn áp dụng"
adjustment.approve,WAREHOUSE,DENY,DENY,DENY,DENY,DENY,DENY,DENY,ALLOW,DENY,DENY,"Không là người lập/đếm; lý do, phiên bản, chênh lệch đã chốt; policy tối đa 2 bước"
opening.approve,WAREHOUSE,DENY,DENY,DENY,DENY,DENY,DENY,DENY,ALLOW,ALLOW,DENY,Không tự duyệt; chỉ cửa sổ cutover; đối soát đã ký
document.cancel,WAREHOUSE,DENY,DENY,DENY,DENY,DENY,DENY,ALLOW,DENY,DENY,DENY,Giải phóng giữ chỗ; không xóa phần đã post; lý do bắt buộc
receipt.post,WAREHOUSE,DENY,DENY,DENY,DENY,ALLOW,DENY,ALLOW,DENY,DENY,DENY,"APPROVED/PARTIAL, được giao; không vượt nguồn; đủ lô/serial; idempotency"
quality.decide,WAREHOUSE,DENY,DENY,DENY,DENY,DENY,DENY,ALLOW,DENY,DENY,DENY,Chỉ hàng nhận/cách ly; không tự tăng tồn; quyết định phải có phiếu chuyển xử lý
move.post,WAREHOUSE,DENY,DENY,DENY,DENY,ALLOW,DENY,ALLOW,DENY,DENY,DENY,Cùng kho; nguồn/đích hợp lệ; không lấy hàng đang giữ cho phiếu khác
reservation.manage,WAREHOUSE,DENY,DENY,DENY,DENY,DENY,ALLOW,ALLOW,DENY,DENY,DENY,Nhu cầu đã duyệt; khóa số dư; chỉ hàng đủ điều kiện; đúng phiếu được giao
pick.confirm,WAREHOUSE,DENY,DENY,DENY,DENY,DENY,ALLOW,ALLOW,DENY,DENY,DENY,"Đúng reservation, không vượt lượng giữ; chưa giảm tồn"
issue.post,WAREHOUSE,DENY,DENY,DENY,DENY,DENY,ALLOW,ALLOW,DENY,DENY,DENY,"APPROVED/PARTIAL; tiêu thụ đúng giữ chỗ; kiểm tra lại hạn dùng, kỳ và khóa kiểm kê"
transfer.dispatch,WAREHOUSE,DENY,DENY,DENY,DENY,DENY,ALLOW,ALLOW,DENY,DENY,DENY,Quyền kho nguồn và phiếu được giao; phiếu chuyển đã được duyệt cả hai kho
transfer.receive,WAREHOUSE,DENY,DENY,DENY,DENY,ALLOW,DENY,ALLOW,DENY,DENY,DENY,Quyền kho đích và phiếu được giao; chỉ nhận từ transit riêng của phiếu
return.post,WAREHOUSE,DENY,DENY,DENY,DENY,DENY,DENY,ALLOW,DENY,DENY,DENY,Liên kết nguồn; khóa lượng trả lũy kế; khách trả vào cách ly
return.unlinked,WAREHOUSE,DENY,DENY,DENY,DENY,DENY,DENY,DENY,ALLOW,DENY,DENY,Phải có return.draft/post tương ứng qua role khác; lý do và phê duyệt ngoại lệ
adjustment.post,WAREHOUSE,DENY,DENY,DENY,DENY,DENY,DENY,DENY,ALLOW,DENY,DENY,Không tự duyệt; kỳ mở; không làm âm/đụng giữ chỗ; append-only
opening.post,WAREHOUSE,DENY,DENY,DENY,DENY,DENY,DENY,DENY,ALLOW,DENY,DENY,Opening đã duyệt; mã đợt duy nhất; không nạp trực tiếp balance
count.create,WAREHOUSE,DENY,DENY,DENY,DENY,DENY,DENY,ALLOW,DENY,DENY,DENY,Khóa row vị trí trước snapshot; còn reservation thì dừng để xử lý
count.enter,WAREHOUSE,DENY,DENY,DENY,DENY,ALLOW,ALLOW,ALLOW,DENY,DENY,DENY,Được giao; FROZEN/COUNTED; đếm mù không thấy snapshot
count.snapshot.read,WAREHOUSE,DENY,DENY,DENY,DENY,DENY,DENY,ALLOW,ALLOW,DENY,ALLOW,API tách khỏi màn hình đếm mù
count.submit,WAREHOUSE,DENY,DENY,DENY,DENY,DENY,DENY,ALLOW,DENY,DENY,DENY,"Đủ vị trí/dòng, đếm lại nếu vượt ngưỡng; không bỏ hàng ngoài snapshot"
period.close,WAREHOUSE,DENY,DENY,DENY,DENY,DENY,DENY,DENY,ALLOW,DENY,DENY,Không còn giao dịch pending; khóa cùng row period với posting; đối soát
period.reopen,WAREHOUSE,DENY,DENY,DENY,DENY,DENY,DENY,DENY,DENY,ALLOW,DENY,"MFA, lý do và người kiểm soát xác nhận; audit; đối soát lại báo cáo"
report.read,WAREHOUSE,DENY,DENY,DENY,DENY,DENY,DENY,ALLOW,ALLOW,ALLOW,ALLOW,Scope server; dữ liệu giá cần price.read
report.export,WAREHOUSE,DENY,DENY,DENY,DENY,DENY,DENY,DENY,ALLOW,ALLOW,ALLOW,Quyền được kiểm tra lại khi tải; che giá; chống formula injection
print.execute,WAREHOUSE,DENY,DENY,DENY,DENY,ALLOW,ALLOW,ALLOW,DENY,DENY,DENY,Cần quyền đọc dữ liệu mẫu; audit in lại; không post lần nữa
import.validate,GLOBAL,DENY,ALLOW,DENY,DENY,DENY,DENY,DENY,ALLOW,DENY,DENY,"Không ghi nghiệp vụ; chỉ mẫu được phép, dữ liệu kho vẫn lọc quyền"
import.commit,GLOBAL,DENY,ALLOW,DENY,DENY,DENY,DENY,DENY,ALLOW,DENY,DENY,Cần thêm quyền ghi loại dữ liệu và từng kho; tồn đầu kỳ tạo phiếu chờ duyệt
audit.read,WAREHOUSE,DENY,DENY,DENY,DENY,DENY,DENY,DENY,ALLOW,DENY,ALLOW,Chỉ scope kho; ẩn bí mật; không update/delete
audit.security.read,GLOBAL,ALLOW,DENY,DENY,DENY,DENY,DENY,DENY,DENY,DENY,ALLOW,Không mặc nhiên đọc dữ liệu kho/giá
backup.operate,GLOBAL,ALLOW,DENY,DENY,DENY,DENY,DENY,DENY,DENY,DENY,DENY,Tác vụ hạ tầng có runbook; không cung cấp API sửa kho tùy ý; MFA và biên bản
ownership.read,WAREHOUSE,DENY,DENY,DENY,DENY,DENY,DENY,ALLOW,ALLOW,ALLOW,ALLOW,
serial.read,WAREHOUSE,DENY,DENY,DENY,DENY,ALLOW,ALLOW,ALLOW,ALLOW,ALLOW,ALLOW,
warranty.write,WAREHOUSE,DENY,DENY,DENY,DENY,DENY,DENY,ALLOW,ALLOW,DENY,DENY,
