table,column,data_type,nullable,references
custom_field_schema,id,uuid,NO,
custom_field_schema,entity_type,varchar(40),NO,
custom_field_schema,version,integer,NO,
custom_field_revision,id,uuid,NO,
custom_field_revision,schema_id,uuid,NO,custom_field_schema.id
custom_field_revision,version,integer,NO,
custom_field_revision,created_by,uuid,NO,app_user.id
custom_field_revision,created_at,timestamptz,NO,
custom_field_revision,reason,text,NO,
custom_field_binding,id,uuid,NO,
custom_field_binding,product_id,uuid,YES,product.id
custom_field_binding,document_id,uuid,YES,document.id
custom_field_binding,revision_id,uuid,NO,custom_field_revision.id
custom_field_binding,values,jsonb,NO,
custom_field_change,id,uuid,NO,
custom_field_change,binding_id,uuid,NO,custom_field_binding.id
custom_field_change,revision_id,uuid,NO,custom_field_revision.id
custom_field_change,target_version,integer,NO,
custom_field_change,values,jsonb,NO,
custom_field_change,changed_by,uuid,NO,app_user.id
custom_field_change,changed_at,timestamptz,NO,
custom_field_change,reason,text,NO,
custom_field_definition,revision_id,uuid,YES,custom_field_revision.id
custom_field_definition,label,varchar(120),YES,
custom_field_definition,visibility,varchar(20),NO,
