id,statement,technical_owner,acceptance_owner_role,implementation,tests,guide,evidence,acceptance_tests,remaining,verification,acceptance_status
GR01,"Quản lý truy vết nhận, xuất, chuyển và kiểm kê theo SKU/lô/serial.",Trần Trung Kiên,Sponsor/Quản lý kho,apps/server/application/receipts.py;apps/server/application/issues.py;apps/server/application/transfers.py;apps/server/application/counting.py,tests/foundation/test_receipts.py;tests/foundation/test_issues.py;tests/foundation/test_transfers.py;tests/foundation/test_count_period.py,01_Tai_lieu/USER_GUIDE.md,01_Tai_lieu/PHAN_CONG/BAN_GIAO/B13.md,"T01,T03,T04,T05",Nghiệm thu chuỗi nghiệp vụ theo vai trò,COMPONENT_EVIDENCE_LINKED,PLANNED
GR02,Phân quyền theo kho và phân tách người lập với người duyệt.,Trần Trung Kiên,Sponsor/Quản lý kho,apps/server/application/authorization.py,tests/foundation/test_iam_lifecycle.py;tests/foundation/test_reports_files.py;tests/concurrency/test_b24_process_races.py;tests/security/test_b24_security.py,01_Tai_lieu/IDENTITY.md,01_Tai_lieu/PHAN_CONG/BAN_GIAO/B24.md,"T07,T11",Kiểm quyền trên client/LAN đích,COMPONENT_EVIDENCE_LINKED,PLANNED
GR03,Bảo toàn lịch sử giao dịch tồn.,Trần Trung Kiên,Sponsor/Quản lý kho,apps/server/application/reversals.py,tests/foundation/test_reversals.py,01_Tai_lieu/REVERSALS.md,01_Tai_lieu/PHAN_CONG/BAN_GIAO/B14.md,"T10,T18",Người dùng xác nhận quy trình đảo và lịch sử,COMPONENT_EVIDENCE_LINKED,PLANNED
GR04,"Triển khai có nhập đầu kỳ, đào tạo và diễn tập phục hồi.",Trần Trung Kiên,Sponsor/Quản lý kho,apps/server/application/openings.py;scripts/wms_backup.py;scripts/backup_admin.py,tests/foundation/test_openings.py;deploy/backup/tests/test_pitr.py;deploy/backup/tests/test_repository.py,01_Tai_lieu/TRAINING.md,01_Tai_lieu/PHAN_CONG/BAN_GIAO/B22.md,"T09,T20",Cutover/đào tạo/DR thực tế chưa ký,COMPONENT_EVIDENCE_LINKED,PLANNED
TR01,Hệ thống vận hành qua LAN.,Trần Trung Kiên,IT/Tech lead,apps/server/application/commands.py,tests/foundation/test_integrated_workflows.py,01_Tai_lieu/LAN_DEPLOYMENT.md,01_Tai_lieu/PHAN_CONG/BAN_GIAO/B21.md,"T02,T08,T24",LAN/firewall/reboot trên máy đích,COMPONENT_EVIDENCE_LINKED,PLANNED
TR02,Target bàn giao: server Ubuntu/Debian x64 và client Windows 10/11 x64; không bao gồm Mac. Distro/version cụ thể do QA07 chốt trước nghiệm thu.,Trần Trung Kiên,IT/Tech lead,apps/server/application/commands.py,tests/foundation/test_windows_packaging.py;tests/foundation/test_macos_packaging.py,01_Tai_lieu/HANDOVER.md,01_Tai_lieu/PHAN_CONG/BAN_GIAO/B23.md,"T23,T24","Native VM lab đạt; Win10/11, public signing và Apple notarization chưa chạy",COMPONENT_EVIDENCE_LINKED,PLANNED
TR03,Desktop Tkinter truy cập API; PostgreSQL tập trung là nguồn dữ liệu chính thức.,Trần Trung Kiên,IT/Tech lead,apps/server/application/commands.py,tests/foundation/test_desktop.py;tests/foundation/test_postgres.py,01_Tai_lieu/ARCHITECTURE.md,01_Tai_lieu/PHAN_CONG/BAN_GIAO/B19.md,T08,Smoke desktop/API qua LAN đích,COMPONENT_EVIDENCE_LINKED,PLANNED
TR04,"Mở rộng theo mô-đun, API và migration có phiên bản.",Trần Trung Kiên,IT/Tech lead,apps/server/application/commands.py,tests/foundation/test_api_contracts.py;tests/foundation/test_postgres.py,01_Tai_lieu/OPERATIONS_RUNBOOK.md,01_Tai_lieu/PHAN_CONG/BAN_GIAO/B08.md,T24,Upgrade dữ liệu và rollback trên môi trường đích,COMPONENT_EVIDENCE_LINKED,PLANNED
FR01,Hệ thống phải hỗ trợ: Đăng nhập và MFA.,Trần Trung Kiên,Chủ nghiệp vụ của UC01,apps/server/application/identity.py,tests/foundation/test_identity.py;tests/foundation/test_iam_lifecycle.py,01_Tai_lieu/IDENTITY.md,01_Tai_lieu/PHAN_CONG/BAN_GIAO/B04.md,T11,MFA/session/log trên cài đặt đích,COMPONENT_EVIDENCE_LINKED,PLANNED
FR02,Hệ thống phải hỗ trợ: Cấp vai trò theo kho.,Trần Trung Kiên,Chủ nghiệp vụ của UC02,apps/server/application/authorization.py,tests/foundation/test_iam_lifecycle.py;tests/foundation/test_reports_files.py;tests/concurrency/test_b24_process_races.py;tests/security/test_b24_security.py,01_Tai_lieu/IDENTITY.md,01_Tai_lieu/PHAN_CONG/BAN_GIAO/B24.md,"T07,T11",Kiểm quyền trên client/LAN đích,COMPONENT_EVIDENCE_LINKED,PLANNED
FR03,Hệ thống phải hỗ trợ: Nhập danh mục hàng và quy cách.,Trần Trung Kiên,Chủ nghiệp vụ của UC03,apps/server/application/master_data.py,tests/foundation/test_master_data.py,01_Tai_lieu/MASTER_DATA.md,01_Tai_lieu/PHAN_CONG/BAN_GIAO/B05.md,"T12,T13",Duyệt danh mục và cây vị trí doanh nghiệp,COMPONENT_EVIDENCE_LINKED,PLANNED
FR04,Hệ thống phải hỗ trợ: Tạo kho và vị trí.,Trần Trung Kiên,Chủ nghiệp vụ của UC04,apps/server/application/master_data.py,tests/foundation/test_master_data.py,01_Tai_lieu/MASTER_DATA.md,01_Tai_lieu/PHAN_CONG/BAN_GIAO/B05.md,"T12,T13",Duyệt danh mục và cây vị trí doanh nghiệp,COMPONENT_EVIDENCE_LINKED,PLANNED
FR05,Hệ thống phải hỗ trợ: Lập và gửi yêu cầu mua.,Trần Trung Kiên,Chủ nghiệp vụ của UC05,apps/server/application/orders.py;apps/server/application/document_reviews.py,tests/foundation/test_orders.py;tests/foundation/test_document_reviews.py,01_Tai_lieu/DOCUMENTS_UI.md,01_Tai_lieu/PHAN_CONG/BAN_GIAO/B15.md,"T14,T17",Xác nhận policy/SOD và quy trình duyệt,COMPONENT_EVIDENCE_LINKED,PLANNED
FR06,Hệ thống phải hỗ trợ: Nhận hàng từng phần.,Trần Trung Kiên,Chủ nghiệp vụ của UC06,apps/server/application/receipts.py,tests/foundation/test_receipts.py,01_Tai_lieu/RECEIVING.md,01_Tai_lieu/PHAN_CONG/BAN_GIAO/B15.md,"T01,T02,T06",Thực nhận/chất lượng trên dữ liệu UAT,COMPONENT_EVIDENCE_LINKED,PLANNED
FR07,Hệ thống phải hỗ trợ: Kiểm tra và cất hàng.,Trần Trung Kiên,Chủ nghiệp vụ của UC07,apps/server/application/moves.py;apps/server/application/quality.py,tests/foundation/test_move_quality.py,01_Tai_lieu/MOVE_QUALITY.md,01_Tai_lieu/PHAN_CONG/BAN_GIAO/B03.md,T01,Xác nhận chính sách chất lượng/cất hàng,COMPONENT_EVIDENCE_LINKED,PLANNED
FR08,Hệ thống phải hỗ trợ: Lập yêu cầu bán và phiếu xuất.,Trần Trung Kiên,Chủ nghiệp vụ của UC08,apps/server/application/orders.py;apps/server/application/document_reviews.py,tests/foundation/test_orders.py;tests/foundation/test_document_reviews.py,01_Tai_lieu/DOCUMENTS_UI.md,01_Tai_lieu/PHAN_CONG/BAN_GIAO/B15.md,"T14,T17",Xác nhận policy/SOD và quy trình duyệt,COMPONENT_EVIDENCE_LINKED,PLANNED
FR09,Hệ thống phải hỗ trợ: Giữ hàng theo lô/vị trí.,Trần Trung Kiên,Chủ nghiệp vụ của UC09,apps/server/application/reservations.py;apps/server/application/issues.py,tests/foundation/test_issues.py,01_Tai_lieu/ISSUES_RESERVATIONS.md,01_Tai_lieu/PHAN_CONG/BAN_GIAO/B02.md,"T02,T03,T25",Xuất/giữ hàng theo vai trò thực,COMPONENT_EVIDENCE_LINKED,PLANNED
FR10,Hệ thống phải hỗ trợ: Soạn và đóng kiện.,Trần Trung Kiên,Chủ nghiệp vụ của UC10,apps/server/application/picking.py;apps/server/application/packing.py,tests/foundation/test_fulfillment.py,01_Tai_lieu/FULFILLMENT.md,01_Tai_lieu/PHAN_CONG/BAN_GIAO/B10.md,T15,Kiện/quét/soạn thực tế,COMPONENT_EVIDENCE_LINKED,PLANNED
FR11,Hệ thống phải hỗ trợ: Xuất hàng từng phần.,Trần Trung Kiên,Chủ nghiệp vụ của UC11,apps/server/application/reservations.py;apps/server/application/issues.py,tests/foundation/test_issues.py,01_Tai_lieu/ISSUES_RESERVATIONS.md,01_Tai_lieu/PHAN_CONG/BAN_GIAO/B02.md,"T02,T03,T25",Xuất/giữ hàng theo vai trò thực,COMPONENT_EVIDENCE_LINKED,PLANNED
FR12,Hệ thống phải hỗ trợ: Xuất chuyển kho.,Trần Trung Kiên,Chủ nghiệp vụ của UC12,apps/server/application/transfers.py,tests/foundation/test_transfers.py,01_Tai_lieu/TRANSFERS.md,01_Tai_lieu/PHAN_CONG/BAN_GIAO/B11.md,T04,Hai kho xác nhận chênh lệch và hàng trung chuyển,COMPONENT_EVIDENCE_LINKED,PLANNED
FR13,Hệ thống phải hỗ trợ: Nhận chuyển thiếu hoặc từng phần.,Trần Trung Kiên,Chủ nghiệp vụ của UC13,apps/server/application/transfers.py,tests/foundation/test_transfers.py,01_Tai_lieu/TRANSFERS.md,01_Tai_lieu/PHAN_CONG/BAN_GIAO/B11.md,T04,Hai kho xác nhận chênh lệch và hàng trung chuyển,COMPONENT_EVIDENCE_LINKED,PLANNED
FR14,Hệ thống phải hỗ trợ: Khách trả hàng.,Trần Trung Kiên,Chủ nghiệp vụ của UC14,apps/server/application/returns.py,tests/foundation/test_returns.py,01_Tai_lieu/RETURNS.md,01_Tai_lieu/PHAN_CONG/BAN_GIAO/B12.md,T10,Chính sách trả và nguồn thực tế,COMPONENT_EVIDENCE_LINKED,PLANNED
FR15,Hệ thống phải hỗ trợ: Trả nhà cung cấp.,Trần Trung Kiên,Chủ nghiệp vụ của UC15,apps/server/application/returns.py,tests/foundation/test_returns.py,01_Tai_lieu/RETURNS.md,01_Tai_lieu/PHAN_CONG/BAN_GIAO/B12.md,T10,Chính sách trả và nguồn thực tế,COMPONENT_EVIDENCE_LINKED,PLANNED
FR16,Hệ thống phải hỗ trợ: Mở phiên kiểm kê.,Trần Trung Kiên,Chủ nghiệp vụ của UC16,apps/server/application/counting.py,tests/foundation/test_count_period.py;tests/foundation/test_count_period_races.py,01_Tai_lieu/COUNTING_PERIODS.md,01_Tai_lieu/PHAN_CONG/BAN_GIAO/B13.md,"T05,T16","Hai người đếm, hai người duyệt và kiểm đếm thực",COMPONENT_EVIDENCE_LINKED,PLANNED
FR17,Hệ thống phải hỗ trợ: Đếm mù và đếm lại.,Trần Trung Kiên,Chủ nghiệp vụ của UC17,apps/server/application/counting.py,tests/foundation/test_count_period.py;tests/foundation/test_count_period_races.py,01_Tai_lieu/COUNTING_PERIODS.md,01_Tai_lieu/PHAN_CONG/BAN_GIAO/B13.md,"T05,T16","Hai người đếm, hai người duyệt và kiểm đếm thực",COMPONENT_EVIDENCE_LINKED,PLANNED
FR18,Hệ thống phải hỗ trợ: Duyệt kiểm kê và điều chỉnh.,Trần Trung Kiên,Chủ nghiệp vụ của UC18,apps/server/application/counting.py,tests/foundation/test_count_period.py;tests/foundation/test_count_period_races.py,01_Tai_lieu/COUNTING_PERIODS.md,01_Tai_lieu/PHAN_CONG/BAN_GIAO/B13.md,"T05,T16","Hai người đếm, hai người duyệt và kiểm đếm thực",COMPONENT_EVIDENCE_LINKED,PLANNED
FR19,Hệ thống phải hỗ trợ: Hủy hoặc đóng phần còn lại.,Trần Trung Kiên,Chủ nghiệp vụ của UC19,apps/server/application/orders.py;apps/server/application/document_reviews.py,tests/foundation/test_orders.py;tests/foundation/test_document_reviews.py,01_Tai_lieu/DOCUMENTS_UI.md,01_Tai_lieu/PHAN_CONG/BAN_GIAO/B15.md,"T14,T17",Xác nhận policy/SOD và quy trình duyệt,COMPONENT_EVIDENCE_LINKED,PLANNED
FR20,Hệ thống phải hỗ trợ: Đảo lần ghi sổ sai.,Trần Trung Kiên,Chủ nghiệp vụ của UC20,apps/server/application/reversals.py,tests/foundation/test_reversals.py,01_Tai_lieu/REVERSALS.md,01_Tai_lieu/PHAN_CONG/BAN_GIAO/B14.md,"T10,T18",Người dùng xác nhận quy trình đảo và lịch sử,COMPONENT_EVIDENCE_LINKED,PLANNED
FR21,Hệ thống phải hỗ trợ: Khóa/mở kỳ.,Trần Trung Kiên,Chủ nghiệp vụ của UC21,apps/server/application/periods.py,tests/foundation/test_count_period.py,01_Tai_lieu/COUNTING_PERIODS.md,01_Tai_lieu/PHAN_CONG/BAN_GIAO/B13.md,T19,Chốt lịch kỳ và người mở lại kỳ,COMPONENT_EVIDENCE_LINKED,PLANNED
FR22,Hệ thống phải hỗ trợ: Import danh mục và đơn mở.,Trần Trung Kiên,Chủ nghiệp vụ của UC22,apps/server/application/imports.py;apps/server/application/import_parser.py,tests/foundation/test_imports.py;tests/foundation/test_imports_parser.py;tests/foundation/test_import_desktop.py,01_Tai_lieu/IMPORT_DESKTOP.md,01_Tai_lieu/PHAN_CONG/BAN_GIAO/B16.md,"T12,T20",Mapping/file cutover thực cần duyệt,COMPONENT_EVIDENCE_LINKED,PLANNED
FR23,Hệ thống phải hỗ trợ: Nạp tồn đầu kỳ.,Trần Trung Kiên,Chủ nghiệp vụ của UC23,apps/server/application/openings.py,tests/foundation/test_openings.py;tests/foundation/test_opening_desktop.py,01_Tai_lieu/OPENING_DESKTOP.md,01_Tai_lieu/PHAN_CONG/BAN_GIAO/B06.md,T20,Biên bản tồn đầu ký thật; kho chưa có lịch sử,COMPONENT_EVIDENCE_LINKED,PLANNED
FR24,Hệ thống phải hỗ trợ: Tra cứu và xuất báo cáo.,Trần Trung Kiên,Chủ nghiệp vụ của UC24,apps/server/application/reports.py;apps/server/application/exports.py,tests/foundation/test_reports_exports.py;tests/foundation/test_reports_files.py;tests/foundation/test_reports_desktop.py;tests/foundation/test_job_history.py,01_Tai_lieu/REPORTS_EXPORT.md,07_Kiem_tra/release/FINAL_HANDOVER.md,"T07,T21",Lịch sử import/export đã triển khai và kiểm thử; cần nghiệm thu ý nghĩa số liệu với người dùng kho,COMPONENT_EVIDENCE_LINKED,PLANNED
FR25,Hệ thống phải hỗ trợ: Nháp và phục hồi sau mất LAN.,Trần Trung Kiên,Chủ nghiệp vụ của UC25,apps/server/application/recovery.py;apps/server/application/commands.py,tests/foundation/test_recovery_all.py;tests/foundation/test_receipt_recovery.py,01_Tai_lieu/RECOVERY_ALL.md,01_Tai_lieu/PHAN_CONG/BAN_GIAO/B19.md,"T02,T08,T23",Windows10/11 upgrade/crash/LAN đích; không offline posting,COMPONENT_EVIDENCE_LINKED,PLANNED
FR26,Hệ thống phải hỗ trợ: In tem và in lại chứng từ.,Trần Trung Kiên,Chủ nghiệp vụ của UC26,apps/server/application/printing.py;apps/server/application/scanner.py;apps/server/application/print_render.py,tests/foundation/test_printing.py;tests/foundation/test_print_render_scanner.py;tests/foundation/test_printing_desktop.py,01_Tai_lieu/PRINTING_SCANNER.md,01_Tai_lieu/PHAN_CONG/BAN_GIAO/B18.md,T22,Q06/Q08 máy in/HID/khổ/DPI/giấy thật chưa có,COMPONENT_EVIDENCE_LINKED,PLANNED
FR27,Hệ thống phải hỗ trợ: Sao lưu và khôi phục.,Trần Trung Kiên,Chủ nghiệp vụ của UC27,scripts/wms_backup.py;scripts/backup_admin.py,deploy/backup/tests/test_pitr.py;deploy/backup/tests/test_repository.py,01_Tai_lieu/BACKUP_RESTORE.md,01_Tai_lieu/PHAN_CONG/BAN_GIAO/B22.md,"T09,T24",Off-host/backup độc lập; RPO<1h/RTO<4h toàn chuỗi chưa đo,COMPONENT_EVIDENCE_LINKED,PLANNED
FR28,Hệ thống phải hỗ trợ: Cập nhật app đa hệ điều hành.,Trần Trung Kiên,Chủ nghiệp vụ của UC28,apps/server/application/commands.py,tests/foundation/test_windows_packaging.py;tests/foundation/test_macos_packaging.py,01_Tai_lieu/HANDOVER.md,01_Tai_lieu/PHAN_CONG/BAN_GIAO/B23.md,"T23,T24","Native VM lab đạt; Win10/11, public signing và Apple notarization chưa chạy",COMPONENT_EVIDENCE_LINKED,PLANNED
FR29,Hệ thống phải hỗ trợ: Xác thực yếu tố thứ hai.,Trần Trung Kiên,Chủ nghiệp vụ của UC29,apps/server/application/identity.py,tests/foundation/test_identity.py;tests/foundation/test_iam_lifecycle.py,01_Tai_lieu/IDENTITY.md,01_Tai_lieu/PHAN_CONG/BAN_GIAO/B04.md,T11,MFA/session/log trên cài đặt đích,COMPONENT_EVIDENCE_LINKED,PLANNED
FR30,Hệ thống phải hỗ trợ: Duyệt chứng từ.,Trần Trung Kiên,Chủ nghiệp vụ của UC30,apps/server/application/orders.py;apps/server/application/document_reviews.py,tests/foundation/test_orders.py;tests/foundation/test_document_reviews.py,01_Tai_lieu/DOCUMENTS_UI.md,01_Tai_lieu/PHAN_CONG/BAN_GIAO/B15.md,"T14,T17",Xác nhận policy/SOD và quy trình duyệt,COMPONENT_EVIDENCE_LINKED,PLANNED
FR31,Hệ thống phải hỗ trợ: Kiểm tra file nhập.,Trần Trung Kiên,Chủ nghiệp vụ của UC31,apps/server/application/imports.py;apps/server/application/import_parser.py,tests/foundation/test_imports.py;tests/foundation/test_imports_parser.py;tests/foundation/test_import_desktop.py,01_Tai_lieu/IMPORT_DESKTOP.md,01_Tai_lieu/PHAN_CONG/BAN_GIAO/B16.md,"T12,T20",Mapping/file cutover thực cần duyệt,COMPONENT_EVIDENCE_LINKED,PLANNED
NFR01,Phân quyền server phải chặn toàn bộ truy cập ngoài kho và tải file sau thu hồi quyền.,Trần Trung Kiên,IT + chủ nghiệp vụ,apps/server/application/authorization.py,tests/foundation/test_iam_lifecycle.py;tests/foundation/test_reports_files.py;tests/concurrency/test_b24_process_races.py;tests/security/test_b24_security.py,01_Tai_lieu/IDENTITY.md,01_Tai_lieu/PHAN_CONG/BAN_GIAO/B24.md,"T07,T11",Kiểm quyền trên client/LAN đích,COMPONENT_EVIDENCE_LINKED,PLANNED
NFR02,Thử lại sau mất phản hồi không tạo giao dịch tồn trùng.,Trần Trung Kiên,IT + chủ nghiệp vụ,apps/server/application/recovery.py;apps/server/application/commands.py,tests/foundation/test_recovery_all.py;tests/foundation/test_receipt_recovery.py,01_Tai_lieu/RECOVERY_ALL.md,01_Tai_lieu/PHAN_CONG/BAN_GIAO/B19.md,"T02,T08,T23",Windows10/11 upgrade/crash/LAN đích; không offline posting,COMPONENT_EVIDENCE_LINKED,PLANNED
NFR03,"Thông báo phân biệt DRAFT, SYNCED, UNKNOWN và POSTED.",Trần Trung Kiên,IT + chủ nghiệp vụ,apps/server/application/recovery.py;apps/server/application/commands.py,tests/foundation/test_recovery_all.py;tests/foundation/test_receipt_recovery.py,01_Tai_lieu/RECOVERY_ALL.md,01_Tai_lieu/PHAN_CONG/BAN_GIAO/B19.md,"T02,T08,T23",Windows10/11 upgrade/crash/LAN đích; không offline posting,COMPONENT_EVIDENCE_LINKED,PLANNED
NFR04,"Mục tiêu phục hồi giao dịch RPO <1 giờ, RTO <4 giờ theo Q07.",Trần Trung Kiên,IT + chủ nghiệp vụ,scripts/wms_backup.py;scripts/backup_admin.py,deploy/backup/tests/test_pitr.py;deploy/backup/tests/test_repository.py,01_Tai_lieu/BACKUP_RESTORE.md,01_Tai_lieu/PHAN_CONG/BAN_GIAO/B22.md,"T09,T24",Off-host/backup độc lập; RPO<1h/RTO<4h toàn chuỗi chưa đo,COMPONENT_EVIDENCE_LINKED,PLANNED
NFR05,"Tải đại diện theo Q05: 1 kho trung tâm/3 phân khu, tối đa 15 CCU, khoảng 20 GB dữ liệu trong 3 năm.",Trần Trung Kiên,IT + chủ nghiệp vụ,scripts/b24_load.py;scripts/b24_harness.py,tests/concurrency/test_b24_process_races.py;tests/security/test_b24_security.py;tests/performance/test_b24_load.py;tests/performance/test_b24_stress.py,01_Tai_lieu/B24_CONCURRENCY_SECURITY_LOAD.md,01_Tai_lieu/PHAN_CONG/BAN_GIAO/B24.md,T26,Đã đo15CCU60s và stress303MiB riêng; chưa20GB/3năm/soak,COMPONENT_EVIDENCE_LINKED,PLANNED
NFR06,Máy trạm phải giữ nháp và mã thao tác khi nâng cấp hoặc khởi động lại.,Trần Trung Kiên,IT + chủ nghiệp vụ,apps/server/application/recovery.py;apps/server/application/commands.py,tests/foundation/test_recovery_all.py;tests/foundation/test_receipt_recovery.py,01_Tai_lieu/RECOVERY_ALL.md,01_Tai_lieu/PHAN_CONG/BAN_GIAO/B19.md,"T02,T08,T23",Windows10/11 upgrade/crash/LAN đích; không offline posting,COMPONENT_EVIDENCE_LINKED,PLANNED
NFR07,Thao tác nhập chính hỗ trợ bàn phím và máy quét; chữ tiếng Việt rõ ở mức hiển thị OS đã chốt.,Trần Trung Kiên,IT + chủ nghiệp vụ,apps/server/application/printing.py;apps/server/application/scanner.py;apps/server/application/print_render.py,tests/foundation/test_printing.py;tests/foundation/test_print_render_scanner.py;tests/foundation/test_printing_desktop.py,01_Tai_lieu/PRINTING_SCANNER.md,01_Tai_lieu/PHAN_CONG/BAN_GIAO/B18.md,T22,Q06/Q08 máy in/HID/khổ/DPI/giấy thật chưa có,COMPONENT_EVIDENCE_LINKED,PLANNED
NFR08,Mọi thay đổi mô hình phải giữ truy vết yêu cầu và tương thích dữ liệu đã phát sinh.,Trần Trung Kiên,IT + chủ nghiệp vụ,apps/server/application/commands.py,tests/foundation/test_api_contracts.py;tests/foundation/test_postgres.py,01_Tai_lieu/OPERATIONS_RUNBOOK.md,01_Tai_lieu/PHAN_CONG/BAN_GIAO/B08.md,T24,Upgrade dữ liệu và rollback trên môi trường đích,COMPONENT_EVIDENCE_LINKED,PLANNED
FR32,Hàng ký gửi nằm trong kho nhưng chưa thuộc sở hữu doanh nghiệp; số lượng và truy vết phải tách theo chủ sở hữu trong mọi luồng tồn.,Trần Trung Kiên,Tech lead / Chủ kho,apps/server/application/consignments.py,tests/foundation/test_consignments.py;tests/foundation/test_b09_dependencies.py,01_Tai_lieu/CONSIGNMENT.md,01_Tai_lieu/PHAN_CONG/BAN_GIAO/B09.md,T27,Duyệt hợp đồng/policy thật; không tự chuyển sở hữu,COMPONENT_EVIDENCE_LINKED,PLANNED
FR33,"Tra serial của thiết bị để biết NCC, receipt, ngày nhập và tình trạng bảo hành dựa trên dữ liệu thời hạn có nguồn.",Trần Trung Kiên,Tech lead / Chủ kho,apps/server/application/traceability.py,tests/foundation/test_traceability.py,01_Tai_lieu/TRACEABILITY.md,01_Tai_lieu/PHAN_CONG/BAN_GIAO/B05.md,T28,Duyệt nguồn thời hạn bảo hành; thiếu nguồn trả Chưa xác định,COMPONENT_EVIDENCE_LINKED,PLANNED
